t_yr,target_hash,target_m_before,target_m_after,proj_hash,proj_m_before,proj_m_after,n_frag,m_frag,ret
8.672940126e+03,42,2.792790000e-08,2.792790000e-08,124,2.792790000e-08,2.792790000e-08,0,0.000000000e+00,0
8.672940126e+03,124,2.792790000e-08,2.792790000e-08,42,2.792790000e-08,2.792790000e-08,0,0.000000000e+00,0
1.853615723e+04,1,2.792790000e-07,2.792790000e-07,134,2.792790000e-08,2.792790000e-08,0,0.000000000e+00,0
1.853615723e+04,1,2.792790000e-07,3.072069000e-07,134,2.792790000e-08,0.000000000e+00,0,0.000000000e+00,1
2.305608816e+04,11,2.792790000e-07,2.792790000e-07,115,2.792790000e-08,2.792790000e-08,0,0.000000000e+00,0
2.305608816e+04,11,2.792790000e-07,3.072069000e-07,115,2.792790000e-08,0.000000000e+00,0,0.000000000e+00,1
2.713469901e+04,148,2.792790000e-08,2.792790000e-08,69,2.792790000e-08,2.792790000e-08,0,0.000000000e+00,0
2.713469901e+04,69,2.792790000e-08,2.792790000e-08,148,2.792790000e-08,2.792790000e-08,0,0.000000000e+00,0
4.214722823e+04,1,3.072069000e-07,3.072069000e-07,3,2.792790000e-07,2.792790000e-07,0,0.000000000e+00,0
4.214722823e+04,1,3.072069000e-07,5.864859000e-07,3,2.792790000e-07,0.000000000e+00,0,0.000000000e+00,1
7.711858341e+04,1,5.864859000e-07,5.864859000e-07,37,2.792790000e-08,2.792790000e-08,0,0.000000000e+00,0
7.711858341e+04,1,5.864859000e-07,6.144138000e-07,37,2.792790000e-08,0.000000000e+00,0,0.000000000e+00,1
9.319309214e+04,14,2.792790000e-07,3.072069000e-07,107,2.792790000e-08,0.000000000e+00,0,0.000000000e+00,1
1.478938973e+05,104,2.792790000e-08,2.792790000e-08,106,2.792790000e-08,2.792790000e-08,0,0.000000000e+00,0
1.478938973e+05,106,2.792790000e-08,2.792790000e-08,104,2.792790000e-08,2.792790000e-08,0,0.000000000e+00,0
1.634927611e+05,1,6.144138000e-07,6.144138000e-07,136,2.792790000e-08,2.792790000e-08,0,0.000000000e+00,0
1.634927611e+05,1,6.144138000e-07,6.423417000e-07,136,2.792790000e-08,0.000000000e+00,0,0.000000000e+00,1
1.911172313e+05,46,2.792790000e-08,2.792790000e-08,89,2.792790000e-08,2.792790000e-08,0,0.000000000e+00,0
1.911172313e+05,89,2.792790000e-08,5.585580000e-08,46,2.792790000e-08,0.000000000e+00,0,0.000000000e+00,2
2.618985300e+05,150,2.792790000e-08,5.585580000e-08,100,2.792790000e-08,0.000000000e+00,0,0.000000000e+00,2
2.778012888e+05,1,6.423417000e-07,6.702696000e-07,98,2.792790000e-08,0.000000000e+00,0,0.000000000e+00,1
2.942133253e+05,7,2.792790000e-07,2.792790000e-07,4,2.792790000e-07,2.792790000e-07,0,0.000000000e+00,0
2.942133253e+05,4,2.792790000e-07,2.792790000e-07,7,2.792790000e-07,2.792790000e-07,0,0.000000000e+00,0
3.043505709e+05,11,3.072069000e-07,3.351348000e-07,18,2.792790000e-08,0.000000000e+00,0,0.000000000e+00,1
3.506425159e+05,90,2.792790000e-08,2.792790000e-08,41,2.792790000e-08,2.792790000e-08,0,0.000000000e+00,0
3.506425159e+05,41,2.792790000e-08,2.792790000e-08,90,2.792790000e-08,2.792790000e-08,0,0.000000000e+00,0
3.671998162e+05,34,2.792790000e-08,2.792790000e-08,146,2.792790000e-08,2.792790000e-08,0,0.000000000e+00,0
3.671998162e+05,146,2.792790000e-08,3.413207312e-08,34,2.792790000e-08,0.000000000e+00,1,2.172372688e-08,2
3.859196839e+05,143,2.792790000e-08,1.721578103e-08,54,2.792790000e-08,0.000000000e+00,2,3.864001897e-08,2
3.946756000e+05,4,2.792790000e-07,3.072069000e-07,148,2.792790000e-08,0.000000000e+00,0,0.000000000e+00,1
4.394173286e+05,1,6.702696000e-07,6.981975000e-07,62,2.792790000e-08,0.000000000e+00,0,0.000000000e+00,1
4.698539405e+05,4,3.072069000e-07,3.072069000e-07,12,2.792790000e-07,2.792790000e-07,0,0.000000000e+00,0
4.698539405e+05,4,3.072069000e-07,5.174202938e-07,12,2.792790000e-07,0.000000000e+00,4,6.906560618e-08,1
5.262365627e+05,132,2.792790000e-08,2.792790000e-08,118,2.792790000e-08,2.792790000e-08,0,0.000000000e+00,0
5.262365627e+05,118,2.792790000e-08,2.792790000e-08,132,2.792790000e-08,2.792790000e-08,0,0.000000000e+00,0
6.702055824e+05,129,2.792790000e-08,1.396395000e-08,21,2.792790000e-08,0.000000000e+00,3,4.189185000e-08,2
6.722831402e+05,26,2.792790000e-08,2.792790000e-08,40,2.792790000e-08,2.792790000e-08,0,0.000000000e+00,0
6.722831402e+05,40,2.792790000e-08,2.792790000e-08,26,2.792790000e-08,2.792790000e-08,0,0.000000000e+00,0
6.889435106e+05,13,2.792790000e-07,3.072069000e-07,96,2.792790000e-08,0.000000000e+00,0,0.000000000e+00,1
7.398126488e+05,135,2.792790000e-08,2.792790000e-08,152,2.792790000e-08,2.792790000e-08,0,0.000000000e+00,0
7.398126488e+05,152,2.792790000e-08,1.396395000e-08,135,2.792790000e-08,0.000000000e+00,3,4.189185000e-08,2
8.799127061e+05,19,2.792790000e-08,2.193703816e-08,15,2.792790000e-08,0.000000000e+00,2,3.391876184e-08,2
1.147338543e+06,4,5.174202938e-07,5.174202938e-07,16,2.792790000e-08,2.792790000e-08,0,0.000000000e+00,0
1.147338543e+06,4,5.174202938e-07,5.453481938e-07,16,2.792790000e-08,0.000000000e+00,0,0.000000000e+00,1
1.301273488e+06,0,1.000000000e+00,1.000000000e+00,102,2.792790000e-08,2.792790000e-08,0,0.000000000e+00,0
1.301273488e+06,0,1.000000000e+00,1.000000028e+00,102,2.792790000e-08,0.000000000e+00,0,0.000000000e+00,1
1.310868036e+06,0,1.000000028e+00,1.000000335e+00,14,3.072069000e-07,0.000000000e+00,0,0.000000000e+00,1
1.480404569e+06,0,1.000000335e+00,1.000000363e+00,72,2.792790000e-08,0.000000000e+00,0,0.000000000e+00,1
1.625466993e+06,86,2.792790000e-08,1.396395000e-08,78,2.792790000e-08,0.000000000e+00,3,4.189185000e-08,2
1.726075182e+06,1,6.981975000e-07,7.261254000e-07,104,2.792790000e-08,0.000000000e+00,0,0.000000000e+00,1
1.814367481e+06,4,5.453481938e-07,5.453481938e-07,143,1.721578103e-08,1.721578103e-08,0,0.000000000e+00,0
1.814367481e+06,4,5.453481938e-07,5.625639748e-07,143,1.721578103e-08,0.000000000e+00,0,0.000000000e+00,1
1.984145329e+06,89,5.585580000e-08,1.396395000e-08,35,2.792790000e-08,0.000000000e+00,5,6.981975000e-08,2
2.036215844e+06,113,2.792790000e-08,2.792790000e-08,2029773149,1.396395000e-08,1.396395000e-08,0,0.000000000e+00,0
2.036215844e+06,113,2.792790000e-08,2.391447432e-08,2029773149,1.396395000e-08,0.000000000e+00,1,1.797737568e-08,1
2.036215851e+06,113,2.391447432e-08,4.189185000e-08,1285693762,1.797737568e-08,0.000000000e+00,0,0.000000000e+00,1
2.192998674e+06,99,2.792790000e-08,2.792790000e-08,70,2.792790000e-08,2.792790000e-08,0,0.000000000e+00,0
2.192998674e+06,70,2.792790000e-08,2.792790000e-08,99,2.792790000e-08,2.792790000e-08,0,0.000000000e+00,0
2.231457083e+06,108,2.792790000e-08,1.396395000e-08,51,2.792790000e-08,0.000000000e+00,3,4.189185000e-08,2
2.248000684e+06,83,2.792790000e-08,2.792790000e-08,103,2.792790000e-08,2.792790000e-08,0,0.000000000e+00,0
2.248000684e+06,103,2.792790000e-08,1.396395000e-08,83,2.792790000e-08,0.000000000e+00,3,4.189185000e-08,2
2.284094468e+06,39,2.792790000e-08,2.792790000e-08,125,2.792790000e-08,2.792790000e-08,0,0.000000000e+00,0
2.284094468e+06,125,2.792790000e-08,2.792790000e-08,39,2.792790000e-08,2.792790000e-08,0,0.000000000e+00,0
2.289720338e+06,41,2.792790000e-08,2.792790000e-08,118,2.792790000e-08,2.792790000e-08,0,0.000000000e+00,0
2.289720338e+06,118,2.792790000e-08,1.396395000e-08,41,2.792790000e-08,0.000000000e+00,3,4.189185000e-08,2
2.429401418e+06,9,2.792790000e-07,2.985990095e-07,3196256300,1.932000949e-08,0.000000000e+00,0,0.000000000e+00,1
2.632818440e+06,0,1.000000363e+00,1.000000642e+00,5,2.792790000e-07,0.000000000e+00,0,0.000000000e+00,1
2.644948815e+06,4,5.625639748e-07,5.625639748e-07,126,2.792790000e-08,2.792790000e-08,0,0.000000000e+00,0
2.644948815e+06,4,5.625639748e-07,5.904918748e-07,126,2.792790000e-08,0.000000000e+00,0,0.000000000e+00,1
2.659439748e+06,0,1.000000642e+00,1.000000642e+00,23,2.792790000e-08,2.792790000e-08,0,0.000000000e+00,0
2.659439748e+06,0,1.000000642e+00,1.000000670e+00,23,2.792790000e-08,0.000000000e+00,0,0.000000000e+00,1
2.800582936e+06,119,2.792790000e-08,2.792790000e-08,89,1.396395000e-08,1.396395000e-08,0,0.000000000e+00,0
2.800582936e+06,119,2.792790000e-08,1.396395000e-08,89,1.396395000e-08,0.000000000e+00,2,2.792790000e-08,2
3.013458532e+06,1,7.261254000e-07,7.261254000e-07,67,2.792790000e-08,2.792790000e-08,0,0.000000000e+00,0
3.013458532e+06,1,7.261254000e-07,7.540533000e-07,67,2.792790000e-08,0.000000000e+00,0,0.000000000e+00,1
3.114222493e+06,8,2.792790000e-07,2.792790000e-07,76,2.792790000e-08,2.792790000e-08,0,0.000000000e+00,0
3.114222493e+06,8,2.792790000e-07,3.072069000e-07,76,2.792790000e-08,0.000000000e+00,0,0.000000000e+00,1
3.246780808e+06,10,2.792790000e-07,2.792790000e-07,105,2.792790000e-08,2.792790000e-08,0,0.000000000e+00,0
3.246780808e+06,10,2.792790000e-07,2.792790000e-07,105,2.792790000e-08,2.792790000e-08,0,0.000000000e+00,0
3.456686397e+06,7,2.792790000e-07,2.965454015e-07,2211003714,1.726640155e-08,0.000000000e+00,0,0.000000000e+00,1
3.910712071e+06,127,2.792790000e-08,2.792790000e-08,2916276788,1.726640155e-08,1.726640155e-08,0,0.000000000e+00,0
3.910712071e+06,127,2.792790000e-08,1.396395000e-08,2916276788,1.726640155e-08,0.000000000e+00,2,3.123035155e-08,1
3.920715576e+06,150,5.585580000e-08,5.585580000e-08,92,2.792790000e-08,2.792790000e-08,0,0.000000000e+00,0
3.920715576e+06,150,5.585580000e-08,1.396395000e-08,92,2.792790000e-08,0.000000000e+00,5,6.981975000e-08,2
4.057871526e+06,1026028388,1.396395000e-08,1.396395000e-08,1945448119,1.396395000e-08,1.396395000e-08,0,0.000000000e+00,0
4.057871526e+06,1026028388,1.396395000e-08,1.396395000e-08,1945448119,1.396395000e-08,1.396395000e-08,0,0.000000000e+00,0
4.062750730e+06,2909632847,1.396395000e-08,1.396395000e-08,1128056158,1.396395000e-08,1.396395000e-08,0,0.000000000e+00,0
4.062750730e+06,1128056158,1.396395000e-08,1.396395000e-08,2909632847,1.396395000e-08,1.396395000e-08,0,0.000000000e+00,0
4.265393468e+06,1,7.540533000e-07,7.540533000e-07,132,2.792790000e-08,2.792790000e-08,0,0.000000000e+00,0
4.265393468e+06,1,7.540533000e-07,7.540533000e-07,132,2.792790000e-08,2.792790000e-08,0,0.000000000e+00,0
4.346383191e+06,117,2.792790000e-08,2.792790000e-08,70,2.792790000e-08,2.792790000e-08,0,0.000000000e+00,0
4.346383191e+06,70,2.792790000e-08,2.792790000e-08,117,2.792790000e-08,2.792790000e-08,0,0.000000000e+00,0
4.460907983e+06,138,2.792790000e-08,1.396395000e-08,132,2.792790000e-08,0.000000000e+00,3,4.189185000e-08,2
4.559058377e+06,138,1.396395000e-08,1.396395000e-08,1239307652,1.396395000e-08,1.396395000e-08,0,0.000000000e+00,0
4.559058377e+06,1239307652,1.396395000e-08,1.396395000e-08,138,1.396395000e-08,0.000000000e+00,1,1.396395000e-08,2
4.567459808e+06,151,2.792790000e-08,4.189185000e-08,1104410542,1.396395000e-08,0.000000000e+00,0,0.000000000e+00,1
4.679267948e+06,2909632847,1.396395000e-08,1.396395000e-08,3330100144,1.396395000e-08,1.396395000e-08,0,0.000000000e+00,0
4.679267948e+06,2909632847,1.396395000e-08,1.396395000e-08,3330100144,1.396395000e-08,0.000000000e+00,1,1.396395000e-08,2
4.679267951e+06,2909632847,1.396395000e-08,1.396395000e-08,2999719241,1.396395000e-08,1.396395000e-08,0,0.000000000e+00,0
4.679267951e+06,2909632847,1.396395000e-08,2.792790000e-08,2999719241,1.396395000e-08,0.000000000e+00,0,0.000000000e+00,1
4.865601155e+06,0,1.000000670e+00,1.000000698e+00,131,2.792790000e-08,0.000000000e+00,0,0.000000000e+00,1
4.921248733e+06,45,2.792790000e-08,2.792790000e-08,3687573659,2.172372688e-08,2.172372688e-08,0,0.000000000e+00,0
4.921248733e+06,45,2.792790000e-08,2.792790000e-08,3687573659,2.172372688e-08,2.172372688e-08,0,0.000000000e+00,0
4.941029884e+06,7,2.965454015e-07,3.105093515e-07,302486611,1.396395000e-08,0.000000000e+00,0,0.000000000e+00,1
5.020844240e+06,149,2.792790000e-08,2.792790000e-08,1218250404,1.396395000e-08,1.396395000e-08,0,0.000000000e+00,0
5.020844240e+06,149,2.792790000e-08,2.792790000e-08,1218250404,1.396395000e-08,1.396395000e-08,0,0.000000000e+00,0
5.082711571e+06,0,1.000000698e+00,1.000000698e+00,145,2.792790000e-08,2.792790000e-08,0,0.000000000e+00,0
5.082711571e+06,0,1.000000698e+00,1.000000726e+00,145,2.792790000e-08,0.000000000e+00,0,0.000000000e+00,1
5.086106617e+06,1,7.540533000e-07,7.959451500e-07,151,4.189185000e-08,0.000000000e+00,0,0.000000000e+00,1
5.122685812e+06,38,2.792790000e-08,1.396395000e-08,1239307652,1.396395000e-08,0.000000000e+00,2,2.792790000e-08,1
5.247195751e+06,44,2.792790000e-08,2.792790000e-08,1945448119,1.396395000e-08,1.396395000e-08,0,0.000000000e+00,0
5.247195751e+06,44,2.792790000e-08,1.396395000e-08,1945448119,1.396395000e-08,0.000000000e+00,2,2.792790000e-08,1
5.262907699e+06,1494850122,1.396395000e-08,1.396395000e-08,2312786130,1.396395000e-08,1.396395000e-08,0,0.000000000e+00,0
5.262907699e+06,2312786130,1.396395000e-08,1.396395000e-08,1494850122,1.396395000e-08,0.000000000e+00,1,1.396395000e-08,2
5.364040259e+06,154,2.792790000e-08,2.792790000e-08,129,1.396395000e-08,1.396395000e-08,0,0.000000000e+00,0
5.364040259e+06,154,2.792790000e-08,2.792790000e-08,129,1.396395000e-08,1.396395000e-08,0,0.000000000e+00,0
5.530299417e+06,2,2.792790000e-07,2.792790000e-07,69,2.792790000e-08,2.792790000e-08,0,0.000000000e+00,0
5.530299417e+06,2,2.792790000e-07,3.072069000e-07,69,2.792790000e-08,0.000000000e+00,0,0.000000000e+00,1
